Relative Path,File Name,File Type,Needs Inspection,Contains Non-English,Needs Modification,Status
LMSHub-Update-Guide.pdf,LMSHub-Update-Guide.pdf,.pdf,No (Media/Binary),Unknown,Unknown,Completed
README.md,README.md,.md,Yes,No,No,Completed (Verified English)
SHA256SUMS.txt,SHA256SUMS.txt,.txt,Yes,No,No,Completed (Verified English)
UPDATE-GUIDE.pdf,UPDATE-GUIDE.pdf,.pdf,No (Media/Binary),Unknown,Unknown,Completed
lms-mobile\lib\features\student\course_player_screen.dart,course_player_screen.dart,.dart,Yes,Yes,Yes,Completed (Translated)
lmshub-be\.env,.env,No Extension,Yes,No,No,Completed (Verified English)
lmshub-be\.env.example,.env.example,.example,Yes,No,No,Completed (Verified English)
lmshub-be\.gitignore,.gitignore,No Extension,Yes,No,No,Completed (Verified English)
lmshub-be\check_users.ts,check_users.ts,.ts,Yes,No,No,Completed (Verified English)
lmshub-be\eslint.config.mjs,eslint.config.mjs,.mjs,Yes,Yes,Yes,Completed (Translated)
lmshub-be\fix_email.ts,fix_email.ts,.ts,Yes,No,No,Completed (Verified English)
lmshub-be\package-lock.json,package-lock.json,.json,No (Lockfile),Unknown,Unknown,Completed
lmshub-be\package.json,package.json,.json,Yes,No,No,Completed (Verified English)
lmshub-be\README.md,README.md,.md,Yes,No,No,Completed (Verified English)
lmshub-be\tsconfig.build.json,tsconfig.build.json,.json,Yes,No,No,Completed (Verified English)
lmshub-be\tsconfig.json,tsconfig.json,.json,Yes,No,No,Completed (Verified English)
lmshub-be\update.js,update.js,.js,Yes,No,No,Completed (Verified English)
lmshub-be\assets\branding\icon.png,icon.png,.png,No (Media/Binary),Unknown,Unknown,Completed
lmshub-be\assets\branding\logo.png,logo.png,.png,No (Media/Binary),Unknown,Unknown,Completed
lmshub-be\assets\demo\flower.mp4,flower.mp4,.mp4,No (Media/Binary),Unknown,Unknown,Completed
lmshub-be\assets\demo\friday.mp4,friday.mp4,.mp4,No (Media/Binary),Unknown,Unknown,Completed
lmshub-be\assets\demo\LICENSE.txt,LICENSE.txt,.txt,Yes,No,No,Completed (Verified English)
lmshub-be\assets\install\index.html,index.html,.html,Yes,No,No,Completed (Verified English)
lmshub-be\assets\install\install.js,install.js,.js,Yes,No,No,Completed (Verified English)
lmshub-be\migrations\0000_extensions_base.ts,0000_extensions_base.ts,.ts,Yes,Yes,Yes,Completed (Translated)
lmshub-be\migrations\0010_auth_rbac.ts,0010_auth_rbac.ts,.ts,Yes,No,No,Completed (Verified English)
lmshub-be\migrations\0019_seed_rbac.ts,0019_seed_rbac.ts,.ts,Yes,No,No,Completed (Verified English)
lmshub-be\migrations\0020_catalog_course.ts,0020_catalog_course.ts,.ts,Yes,Yes,Yes,Completed (Translated)
lmshub-be\migrations\0030_enrollment_progress.ts,0030_enrollment_progress.ts,.ts,Yes,No,No,Completed (Verified English)
lmshub-be\migrations\0040_assessment_grading.ts,0040_assessment_grading.ts,.ts,Yes,No,No,Completed (Verified English)
lmshub-be\migrations\0050_transaction_payment.ts,0050_transaction_payment.ts,.ts,Yes,Yes,Yes,Completed (Translated)
lmshub-be\migrations\0060_live_class_calendar.ts,0060_live_class_calendar.ts,.ts,Yes,No,No,Completed (Verified English)
lmshub-be\migrations\0070_community_discussion.ts,0070_community_discussion.ts,.ts,Yes,No,No,Completed (Verified English)
lmshub-be\migrations\0080_certificate_gamifikasi.ts,0080_certificate_gamifikasi.ts,.ts,Yes,Yes,Yes,Completed (Translated)
lmshub-be\migrations\0090_marketing_commission.ts,0090_marketing_commission.ts,.ts,Yes,No,No,Completed (Verified English)
lmshub-be\migrations\0100_notification_reminder.ts,0100_notification_reminder.ts,.ts,Yes,Yes,Yes,Completed (Translated)
lmshub-be\migrations\0110_financial_report.ts,0110_financial_report.ts,.ts,Yes,No,No,Completed (Verified English)
lmshub-be\migrations\0120_content_audit.ts,0120_content_audit.ts,.ts,Yes,Yes,Yes,Completed (Translated)
lmshub-be\migrations\0130_student_learn_profil.ts,0130_student_learn_profil.ts,.ts,Yes,Yes,Yes,Completed (Translated)
lmshub-be\migrations\0140_rbac_role_adjustments.ts,0140_rbac_role_adjustments.ts,.ts,Yes,Yes,Yes,Completed (Translated)
lmshub-be\migrations\0150_bank_accounts_currency.ts,0150_bank_accounts_currency.ts,.ts,Yes,Yes,Yes,Completed (Translated)
lmshub-be\migrations\0160_brand_identity.ts,0160_brand_identity.ts,.ts,Yes,Yes,Yes,Completed (Translated)
lmshub-be\migrations\0170_site_content.ts,0170_site_content.ts,.ts,Yes,Yes,Yes,Completed (Translated)
lmshub-be\migrations\0180_payment_settings.ts,0180_payment_settings.ts,.ts,Yes,No,No,Completed (Verified English)
lmshub-be\migrations\0190_currencies.ts,0190_currencies.ts,.ts,Yes,No,No,Completed (Verified English)
lmshub-be\migrations\0200_currency_rate_precision.ts,0200_currency_rate_precision.ts,.ts,Yes,No,No,Completed (Verified English)
lmshub-be\migrations\0210_category_view_for_instructor.ts,0210_category_view_for_instructor.ts,.ts,Yes,Yes,Yes,Completed (Translated)
lmshub-be\migrations\0220_english_defaults.ts,0220_english_defaults.ts,.ts,Yes,Yes,Yes,Completed (Translated)
lmshub-be\migrations\0230_content_pages_footer.ts,0230_content_pages_footer.ts,.ts,Yes,Yes,Yes,Completed (Translated)
lmshub-be\migrations\0240_course_completion_rules.ts,0240_course_completion_rules.ts,.ts,Yes,Yes,Yes,Completed (Translated)
lmshub-be\migrations\0250_payment_easebuzz.ts,0250_payment_easebuzz.ts,.ts,Yes,No,No,Completed (Verified English)
lmshub-be\scripts\feature-test-1.3.cjs,feature-test-1.3.cjs,.cjs,Yes,Yes,Yes,Completed (Translated)
lmshub-be\scripts\feature-test.cjs,feature-test.cjs,.cjs,Yes,Yes,Yes,Completed (Translated)
lmshub-be\src\app.ts,app.ts,.ts,Yes,Yes,Yes,Completed (Translated)
lmshub-be\src\routes.ts,routes.ts,.ts,Yes,No,No,Completed (Verified English)
lmshub-be\src\server.ts,server.ts,.ts,Yes,No,No,Completed (Verified English)
lmshub-be\src\core\audit\audit.ts,audit.ts,.ts,Yes,Yes,Yes,Completed (Translated)
lmshub-be\src\core\auth\google.ts,google.ts,.ts,Yes,Yes,Yes,Completed (Translated)
lmshub-be\src\core\auth\jwt.ts,jwt.ts,.ts,Yes,Yes,Yes,Completed (Translated)
lmshub-be\src\core\auth\password.ts,password.ts,.ts,Yes,No,No,Completed (Verified English)
lmshub-be\src\core\config\bootstrap-credentials.ts,bootstrap-credentials.ts,.ts,Yes,Yes,Yes,Completed (Translated)
lmshub-be\src\core\config\env.ts,env.ts,.ts,Yes,Yes,Yes,Completed (Translated)
lmshub-be\src\core\db\pool.ts,pool.ts,.ts,Yes,No,No,Completed (Verified English)
lmshub-be\src\core\db\withTransaction.ts,withTransaction.ts,.ts,Yes,No,No,Completed (Verified English)
lmshub-be\src\core\html\sanitize.ts,sanitize.ts,.ts,Yes,Yes,Yes,Completed (Translated)
lmshub-be\src\core\http\AppError.ts,AppError.ts,.ts,Yes,No,No,Completed (Verified English)
lmshub-be\src\core\http\asyncHandler.ts,asyncHandler.ts,.ts,Yes,No,No,Completed (Verified English)
lmshub-be\src\core\http\envelope.ts,envelope.ts,.ts,Yes,No,No,Completed (Verified English)
lmshub-be\src\core\http\errorHandler.ts,errorHandler.ts,.ts,Yes,No,No,Completed (Verified English)
lmshub-be\src\core\http\pagination.ts,pagination.ts,.ts,Yes,No,No,Completed (Verified English)
lmshub-be\src\core\logger\logger.ts,logger.ts,.ts,Yes,No,No,Completed (Verified English)
lmshub-be\src\core\mail\mailer.ts,mailer.ts,.ts,Yes,Yes,Yes,Completed (Translated)
lmshub-be\src\core\payment\config.ts,config.ts,.ts,Yes,No,No,Completed (Verified English)
lmshub-be\src\core\payment\http.ts,http.ts,.ts,Yes,No,No,Completed (Verified English)
lmshub-be\src\core\payment\money.ts,money.ts,.ts,Yes,No,No,Completed (Verified English)
lmshub-be\src\core\payment\registry.ts,registry.ts,.ts,Yes,No,No,Completed (Verified English)
lmshub-be\src\core\payment\types.ts,types.ts,.ts,Yes,No,No,Completed (Verified English)
lmshub-be\src\core\payment\providers\easebuzz.ts,easebuzz.ts,.ts,Yes,No,No,Completed (Verified English)
lmshub-be\src\core\payment\providers\flutterwave.ts,flutterwave.ts,.ts,Yes,No,No,Completed (Verified English)
lmshub-be\src\core\payment\providers\midtrans.ts,midtrans.ts,.ts,Yes,No,No,Completed (Verified English)
lmshub-be\src\core\payment\providers\mollie.ts,mollie.ts,.ts,Yes,No,No,Completed (Verified English)
lmshub-be\src\core\payment\providers\paypal.ts,paypal.ts,.ts,Yes,No,No,Completed (Verified English)
lmshub-be\src\core\payment\providers\paystack.ts,paystack.ts,.ts,Yes,No,No,Completed (Verified English)
lmshub-be\src\core\payment\providers\razorpay.ts,razorpay.ts,.ts,Yes,No,No,Completed (Verified English)
lmshub-be\src\core\payment\providers\stripe.ts,stripe.ts,.ts,Yes,No,No,Completed (Verified English)
lmshub-be\src\core\rbac\rbacService.ts,rbacService.ts,.ts,Yes,Yes,Yes,Completed (Translated)
lmshub-be\src\core\rbac\requireAuth.ts,requireAuth.ts,.ts,Yes,No,No,Completed (Verified English)
lmshub-be\src\core\rbac\requirePermission.ts,requirePermission.ts,.ts,Yes,No,No,Completed (Verified English)
lmshub-be\src\core\rbac\types.ts,types.ts,.ts,Yes,Yes,Yes,Completed (Translated)
lmshub-be\src\core\settings\settings.ts,settings.ts,.ts,Yes,Yes,Yes,Completed (Translated)
lmshub-be\src\core\upload\image.ts,image.ts,.ts,Yes,No,No,Completed (Verified English)
lmshub-be\src\core\validation\validate.ts,validate.ts,.ts,Yes,Yes,Yes,Completed (Translated)
lmshub-be\src\modules\assessments\assessments.controller.ts,assessments.controller.ts,.ts,Yes,No,No,Completed (Verified English)
lmshub-be\src\modules\assessments\assessments.repository.ts,assessments.repository.ts,.ts,Yes,Yes,Yes,Completed (Translated)
lmshub-be\src\modules\assessments\assessments.routes.ts,assessments.routes.ts,.ts,Yes,Yes,Yes,Completed (Translated)
lmshub-be\src\modules\assessments\assessments.service.ts,assessments.service.ts,.ts,Yes,Yes,Yes,Completed (Translated)
lmshub-be\src\modules\assessments\assessments.validation.ts,assessments.validation.ts,.ts,Yes,No,No,Completed (Verified English)
lmshub-be\src\modules\auth\auth.controller.ts,auth.controller.ts,.ts,Yes,Yes,Yes,Completed (Translated)
lmshub-be\src\modules\auth\auth.repository.ts,auth.repository.ts,.ts,Yes,No,No,Completed (Verified English)
lmshub-be\src\modules\auth\auth.routes.ts,auth.routes.ts,.ts,Yes,No,No,Completed (Verified English)
lmshub-be\src\modules\auth\auth.service.ts,auth.service.ts,.ts,Yes,Yes,Yes,Completed (Translated)
lmshub-be\src\modules\auth\auth.validation.ts,auth.validation.ts,.ts,Yes,No,No,Completed (Verified English)
lmshub-be\src\modules\bank-accounts\bank-accounts.controller.ts,bank-accounts.controller.ts,.ts,Yes,No,No,Completed (Verified English)
lmshub-be\src\modules\bank-accounts\bank-accounts.repository.ts,bank-accounts.repository.ts,.ts,Yes,Yes,Yes,Completed (Translated)
lmshub-be\src\modules\bank-accounts\bank-accounts.routes.ts,bank-accounts.routes.ts,.ts,Yes,Yes,Yes,Completed (Translated)
lmshub-be\src\modules\bank-accounts\bank-accounts.service.ts,bank-accounts.service.ts,.ts,Yes,Yes,Yes,Completed (Translated)
lmshub-be\src\modules\bank-accounts\bank-accounts.validation.ts,bank-accounts.validation.ts,.ts,Yes,No,No,Completed (Verified English)
lmshub-be\src\modules\categories\categories.controller.ts,categories.controller.ts,.ts,Yes,No,No,Completed (Verified English)
lmshub-be\src\modules\categories\categories.repository.ts,categories.repository.ts,.ts,Yes,Yes,Yes,Completed (Translated)
lmshub-be\src\modules\categories\categories.routes.ts,categories.routes.ts,.ts,Yes,Yes,Yes,Completed (Translated)
lmshub-be\src\modules\categories\categories.service.ts,categories.service.ts,.ts,Yes,No,No,Completed (Verified English)
lmshub-be\src\modules\categories\categories.validation.ts,categories.validation.ts,.ts,Yes,No,No,Completed (Verified English)
lmshub-be\src\modules\certificates\certificates.controller.ts,certificates.controller.ts,.ts,Yes,No,No,Completed (Verified English)
lmshub-be\src\modules\certificates\certificates.repository.ts,certificates.repository.ts,.ts,Yes,Yes,Yes,Completed (Translated)
lmshub-be\src\modules\certificates\certificates.routes.ts,certificates.routes.ts,.ts,Yes,No,No,Completed (Verified English)
lmshub-be\src\modules\certificates\certificates.service.ts,certificates.service.ts,.ts,Yes,Yes,Yes,Completed (Translated)
lmshub-be\src\modules\certificates\certificates.validation.ts,certificates.validation.ts,.ts,Yes,No,No,Completed (Verified English)
lmshub-be\src\modules\certificates\completion-rules.ts,completion-rules.ts,.ts,Yes,Yes,Yes,Completed (Translated)
lmshub-be\src\modules\coupons\coupons.controller.ts,coupons.controller.ts,.ts,Yes,No,No,Completed (Verified English)
lmshub-be\src\modules\coupons\coupons.repository.ts,coupons.repository.ts,.ts,Yes,No,No,Completed (Verified English)
lmshub-be\src\modules\coupons\coupons.routes.ts,coupons.routes.ts,.ts,Yes,No,No,Completed (Verified English)
lmshub-be\src\modules\coupons\coupons.service.ts,coupons.service.ts,.ts,Yes,Yes,Yes,Completed (Translated)
lmshub-be\src\modules\coupons\coupons.validation.ts,coupons.validation.ts,.ts,Yes,Yes,Yes,Completed (Translated)
lmshub-be\src\modules\courses\courses.controller.ts,courses.controller.ts,.ts,Yes,No,No,Completed (Verified English)
lmshub-be\src\modules\courses\courses.repository.ts,courses.repository.ts,.ts,Yes,Yes,Yes,Completed (Translated)
lmshub-be\src\modules\courses\courses.routes.ts,courses.routes.ts,.ts,Yes,Yes,Yes,Completed (Translated)
lmshub-be\src\modules\courses\courses.service.ts,courses.service.ts,.ts,Yes,Yes,Yes,Completed (Translated)
lmshub-be\src\modules\courses\courses.validation.ts,courses.validation.ts,.ts,Yes,Yes,Yes,Completed (Translated)
lmshub-be\src\modules\currencies\currencies.controller.ts,currencies.controller.ts,.ts,Yes,No,No,Completed (Verified English)
lmshub-be\src\modules\currencies\currencies.repository.ts,currencies.repository.ts,.ts,Yes,No,No,Completed (Verified English)
lmshub-be\src\modules\currencies\currencies.routes.ts,currencies.routes.ts,.ts,Yes,Yes,Yes,Completed (Translated)
lmshub-be\src\modules\currencies\currencies.service.ts,currencies.service.ts,.ts,Yes,No,No,Completed (Verified English)
lmshub-be\src\modules\currencies\currencies.validation.ts,currencies.validation.ts,.ts,Yes,No,No,Completed (Verified English)
lmshub-be\src\modules\curriculum\curriculum.controller.ts,curriculum.controller.ts,.ts,Yes,No,No,Completed (Verified English)
lmshub-be\src\modules\curriculum\curriculum.repository.ts,curriculum.repository.ts,.ts,Yes,No,No,Completed (Verified English)
lmshub-be\src\modules\curriculum\curriculum.routes.ts,curriculum.routes.ts,.ts,Yes,Yes,Yes,Completed (Translated)
lmshub-be\src\modules\curriculum\curriculum.service.ts,curriculum.service.ts,.ts,Yes,No,No,Completed (Verified English)
lmshub-be\src\modules\curriculum\curriculum.validation.ts,curriculum.validation.ts,.ts,Yes,Yes,Yes,Completed (Translated)
lmshub-be\src\modules\dashboard\dashboard.controller.ts,dashboard.controller.ts,.ts,Yes,No,No,Completed (Verified English)
lmshub-be\src\modules\dashboard\dashboard.repository.ts,dashboard.repository.ts,.ts,Yes,Yes,Yes,Completed (Translated)
lmshub-be\src\modules\dashboard\dashboard.routes.ts,dashboard.routes.ts,.ts,Yes,Yes,Yes,Completed (Translated)
lmshub-be\src\modules\dashboard\dashboard.service.ts,dashboard.service.ts,.ts,Yes,No,No,Completed (Verified English)
lmshub-be\src\modules\dashboard\dashboard.validation.ts,dashboard.validation.ts,.ts,Yes,No,No,Completed (Verified English)
lmshub-be\src\modules\discussions\discussions.controller.ts,discussions.controller.ts,.ts,Yes,No,No,Completed (Verified English)
lmshub-be\src\modules\discussions\discussions.repository.ts,discussions.repository.ts,.ts,Yes,No,No,Completed (Verified English)
lmshub-be\src\modules\discussions\discussions.routes.ts,discussions.routes.ts,.ts,Yes,No,No,Completed (Verified English)
lmshub-be\src\modules\discussions\discussions.service.ts,discussions.service.ts,.ts,Yes,Yes,Yes,Completed (Translated)
lmshub-be\src\modules\discussions\discussions.validation.ts,discussions.validation.ts,.ts,Yes,No,No,Completed (Verified English)
lmshub-be\src\modules\documents\documents.controller.ts,documents.controller.ts,.ts,Yes,Yes,Yes,Completed (Translated)
lmshub-be\src\modules\documents\documents.repository.ts,documents.repository.ts,.ts,Yes,Yes,Yes,Completed (Translated)
lmshub-be\src\modules\documents\documents.routes.ts,documents.routes.ts,.ts,Yes,Yes,Yes,Completed (Translated)
lmshub-be\src\modules\documents\documents.service.ts,documents.service.ts,.ts,Yes,Yes,Yes,Completed (Translated)
lmshub-be\src\modules\documents\documents.validation.ts,documents.validation.ts,.ts,Yes,Yes,Yes,Completed (Translated)
lmshub-be\src\modules\enrollments\enrollments.controller.ts,enrollments.controller.ts,.ts,Yes,No,No,Completed (Verified English)
lmshub-be\src\modules\enrollments\enrollments.repository.ts,enrollments.repository.ts,.ts,Yes,Yes,Yes,Completed (Translated)
lmshub-be\src\modules\enrollments\enrollments.routes.ts,enrollments.routes.ts,.ts,Yes,Yes,Yes,Completed (Translated)
lmshub-be\src\modules\enrollments\enrollments.service.ts,enrollments.service.ts,.ts,Yes,Yes,Yes,Completed (Translated)
lmshub-be\src\modules\enrollments\enrollments.validation.ts,enrollments.validation.ts,.ts,Yes,No,No,Completed (Verified English)
lmshub-be\src\modules\grading\grading.controller.ts,grading.controller.ts,.ts,Yes,No,No,Completed (Verified English)
lmshub-be\src\modules\grading\grading.repository.ts,grading.repository.ts,.ts,Yes,Yes,Yes,Completed (Translated)
lmshub-be\src\modules\grading\grading.routes.ts,grading.routes.ts,.ts,Yes,No,No,Completed (Verified English)
lmshub-be\src\modules\grading\grading.service.ts,grading.service.ts,.ts,Yes,Yes,Yes,Completed (Translated)
lmshub-be\src\modules\grading\grading.validation.ts,grading.validation.ts,.ts,Yes,No,No,Completed (Verified English)
lmshub-be\src\modules\install\install.controller.ts,install.controller.ts,.ts,Yes,No,No,Completed (Verified English)
lmshub-be\src\modules\install\install.routes.ts,install.routes.ts,.ts,Yes,No,No,Completed (Verified English)
lmshub-be\src\modules\install\install.service.ts,install.service.ts,.ts,Yes,No,No,Completed (Verified English)
lmshub-be\src\modules\instructors\instructors.repository.ts,instructors.repository.ts,.ts,Yes,No,No,Completed (Verified English)
lmshub-be\src\modules\instructors\instructors.routes.ts,instructors.routes.ts,.ts,Yes,Yes,Yes,Completed (Translated)
lmshub-be\src\modules\live\live.controller.ts,live.controller.ts,.ts,Yes,No,No,Completed (Verified English)
lmshub-be\src\modules\live\live.repository.ts,live.repository.ts,.ts,Yes,Yes,Yes,Completed (Translated)
lmshub-be\src\modules\live\live.routes.ts,live.routes.ts,.ts,Yes,Yes,Yes,Completed (Translated)
lmshub-be\src\modules\live\live.service.ts,live.service.ts,.ts,Yes,Yes,Yes,Completed (Translated)
lmshub-be\src\modules\live\live.validation.ts,live.validation.ts,.ts,Yes,No,No,Completed (Verified English)
lmshub-be\src\modules\marketing\marketing.controller.ts,marketing.controller.ts,.ts,Yes,No,No,Completed (Verified English)
lmshub-be\src\modules\marketing\marketing.repository.ts,marketing.repository.ts,.ts,Yes,No,No,Completed (Verified English)
lmshub-be\src\modules\marketing\marketing.routes.ts,marketing.routes.ts,.ts,Yes,No,No,Completed (Verified English)
lmshub-be\src\modules\marketing\marketing.service.ts,marketing.service.ts,.ts,Yes,Yes,Yes,Completed (Translated)
lmshub-be\src\modules\marketing\marketing.validation.ts,marketing.validation.ts,.ts,Yes,Yes,Yes,Completed (Translated)
lmshub-be\src\modules\media\media.controller.ts,media.controller.ts,.ts,Yes,No,No,Completed (Verified English)
lmshub-be\src\modules\media\media.repository.ts,media.repository.ts,.ts,Yes,Yes,Yes,Completed (Translated)
lmshub-be\src\modules\media\media.routes.ts,media.routes.ts,.ts,Yes,No,No,Completed (Verified English)
lmshub-be\src\modules\media\media.service.ts,media.service.ts,.ts,Yes,Yes,Yes,Completed (Translated)
lmshub-be\src\modules\media\media.validation.ts,media.validation.ts,.ts,Yes,No,No,Completed (Verified English)
lmshub-be\src\modules\notifications\notifications.controller.ts,notifications.controller.ts,.ts,Yes,No,No,Completed (Verified English)
lmshub-be\src\modules\notifications\notifications.repository.ts,notifications.repository.ts,.ts,Yes,No,No,Completed (Verified English)
lmshub-be\src\modules\notifications\notifications.routes.ts,notifications.routes.ts,.ts,Yes,Yes,Yes,Completed (Translated)
lmshub-be\src\modules\notifications\notifications.service.ts,notifications.service.ts,.ts,Yes,No,No,Completed (Verified English)
lmshub-be\src\modules\notifications\notifications.validation.ts,notifications.validation.ts,.ts,Yes,No,No,Completed (Verified English)
lmshub-be\src\modules\orders\orders.controller.ts,orders.controller.ts,.ts,Yes,Yes,Yes,Completed (Translated)
lmshub-be\src\modules\orders\orders.repository.ts,orders.repository.ts,.ts,Yes,Yes,Yes,Completed (Translated)
lmshub-be\src\modules\orders\orders.routes.ts,orders.routes.ts,.ts,Yes,Yes,Yes,Completed (Translated)
lmshub-be\src\modules\orders\orders.service.ts,orders.service.ts,.ts,Yes,Yes,Yes,Completed (Translated)
lmshub-be\src\modules\orders\orders.validation.ts,orders.validation.ts,.ts,Yes,Yes,Yes,Completed (Translated)
lmshub-be\src\modules\progress\progress.controller.ts,progress.controller.ts,.ts,Yes,No,No,Completed (Verified English)
lmshub-be\src\modules\progress\progress.repository.ts,progress.repository.ts,.ts,Yes,Yes,Yes,Completed (Translated)
lmshub-be\src\modules\progress\progress.routes.ts,progress.routes.ts,.ts,Yes,No,No,Completed (Verified English)
lmshub-be\src\modules\progress\progress.service.ts,progress.service.ts,.ts,Yes,Yes,Yes,Completed (Translated)
lmshub-be\src\modules\progress\progress.validation.ts,progress.validation.ts,.ts,Yes,No,No,Completed (Verified English)
lmshub-be\src\modules\reports\reports.controller.ts,reports.controller.ts,.ts,Yes,No,No,Completed (Verified English)
lmshub-be\src\modules\reports\reports.repository.ts,reports.repository.ts,.ts,Yes,Yes,Yes,Completed (Translated)
lmshub-be\src\modules\reports\reports.routes.ts,reports.routes.ts,.ts,Yes,No,No,Completed (Verified English)
lmshub-be\src\modules\reports\reports.service.ts,reports.service.ts,.ts,Yes,Yes,Yes,Completed (Translated)
lmshub-be\src\modules\reports\reports.validation.ts,reports.validation.ts,.ts,Yes,Yes,Yes,Completed (Translated)
lmshub-be\src\modules\reviews\reviews.controller.ts,reviews.controller.ts,.ts,Yes,No,No,Completed (Verified English)
lmshub-be\src\modules\reviews\reviews.repository.ts,reviews.repository.ts,.ts,Yes,Yes,Yes,Completed (Translated)
lmshub-be\src\modules\reviews\reviews.routes.ts,reviews.routes.ts,.ts,Yes,Yes,Yes,Completed (Translated)
lmshub-be\src\modules\reviews\reviews.service.ts,reviews.service.ts,.ts,Yes,Yes,Yes,Completed (Translated)
lmshub-be\src\modules\reviews\reviews.validation.ts,reviews.validation.ts,.ts,Yes,Yes,Yes,Completed (Translated)
lmshub-be\src\modules\site-content\site-content.controller.ts,site-content.controller.ts,.ts,Yes,Yes,Yes,Completed (Translated)
lmshub-be\src\modules\site-content\site-content.defaults.ts,site-content.defaults.ts,.ts,Yes,Yes,Yes,Completed (Translated)
lmshub-be\src\modules\site-content\site-content.repository.ts,site-content.repository.ts,.ts,Yes,Yes,Yes,Completed (Translated)
lmshub-be\src\modules\site-content\site-content.routes.ts,site-content.routes.ts,.ts,Yes,Yes,Yes,Completed (Translated)
lmshub-be\src\modules\site-content\site-content.service.ts,site-content.service.ts,.ts,Yes,Yes,Yes,Completed (Translated)
lmshub-be\src\modules\site-content\site-content.validation.ts,site-content.validation.ts,.ts,Yes,Yes,Yes,Completed (Translated)
lmshub-be\src\modules\users\users.controller.ts,users.controller.ts,.ts,Yes,No,No,Completed (Verified English)
lmshub-be\src\modules\users\users.repository.ts,users.repository.ts,.ts,Yes,Yes,Yes,Completed (Translated)
lmshub-be\src\modules\users\users.routes.ts,users.routes.ts,.ts,Yes,Yes,Yes,Completed (Translated)
lmshub-be\src\modules\users\users.service.ts,users.service.ts,.ts,Yes,Yes,Yes,Completed (Translated)
lmshub-be\src\modules\users\users.validation.ts,users.validation.ts,.ts,Yes,Yes,Yes,Completed (Translated)
lmshub-be\src\scripts\brand-defaults.ts,brand-defaults.ts,.ts,Yes,Yes,Yes,Completed (Translated)
lmshub-be\src\scripts\demo-course-content.ts,demo-course-content.ts,.ts,Yes,No,No,Completed (Verified English)
lmshub-be\src\scripts\demo-data.ts,demo-data.ts,.ts,Yes,No,No,Completed (Verified English)
lmshub-be\src\scripts\demo-media.ts,demo-media.ts,.ts,Yes,No,No,Completed (Verified English)
lmshub-be\src\scripts\demo-retire-legacy.ts,demo-retire-legacy.ts,.ts,Yes,No,No,Completed (Verified English)
lmshub-be\src\scripts\demo-timeline.ts,demo-timeline.ts,.ts,Yes,No,No,Completed (Verified English)
lmshub-be\src\scripts\demo-transaction.ts,demo-transaction.ts,.ts,Yes,Yes,Yes,Completed (Translated)
lmshub-be\src\scripts\demo.ts,demo.ts,.ts,Yes,Yes,Yes,Completed (Translated)
lmshub-be\src\scripts\get-course-id.ts,get-course-id.ts,.ts,Yes,No,No,Completed (Verified English)
lmshub-be\src\scripts\reset-db.ts,reset-db.ts,.ts,Yes,Yes,Yes,Completed (Translated)
lmshub-be\src\scripts\seed-categories.ts,seed-categories.ts,.ts,Yes,No,No,Completed (Verified English)
lmshub-be\src\scripts\seed-fire-mega.ts,seed-fire-mega.ts,.ts,Yes,No,No,Completed (Verified English)
lmshub-be\src\scripts\seed-fire-safety.ts,seed-fire-safety.ts,.ts,Yes,No,No,Completed (Verified English)
lmshub-be\src\scripts\seed-student-quiz.ts,seed-student-quiz.ts,.ts,Yes,Yes,Yes,Completed (Translated)
lmshub-be\src\scripts\seed.ts,seed.ts,.ts,Yes,Yes,Yes,Completed (Translated)
lmshub-be\src\scripts\set-admin-email.ts,set-admin-email.ts,.ts,Yes,Yes,Yes,Completed (Translated)
lmshub-be\src\scripts\set-currency.ts,set-currency.ts,.ts,Yes,No,No,Completed (Verified English)
lmshub-be\src\scripts\set-thumbnail.ts,set-thumbnail.ts,.ts,Yes,No,No,Completed (Verified English)
lmshub-be\src\types\express.d.ts,express.d.ts,.ts,Yes,No,No,Completed (Verified English)
lmshub-be\tests\unit\app-error.test.ts,app-error.test.ts,.ts,Yes,Yes,Yes,Completed (Translated)
lmshub-be\tests\unit\completion-rules.test.ts,completion-rules.test.ts,.ts,Yes,Yes,Yes,Completed (Translated)
lmshub-be\tests\unit\content-safety.test.ts,content-safety.test.ts,.ts,Yes,Yes,Yes,Completed (Translated)
lmshub-be\tests\unit\pagination.test.ts,pagination.test.ts,.ts,Yes,No,No,Completed (Verified English)
lmshub-be\tests\unit\payment-money.test.ts,payment-money.test.ts,.ts,Yes,No,No,Completed (Verified English)
lmshub-be\tests\unit\payment-webhooks.test.ts,payment-webhooks.test.ts,.ts,Yes,No,No,Completed (Verified English)
lmshub-be\tests\unit\query-filters.test.ts,query-filters.test.ts,.ts,Yes,No,No,Completed (Verified English)
lmshub-be\tests\unit\rbac.test.ts,rbac.test.ts,.ts,Yes,Yes,Yes,Completed (Translated)
lmshub-be\tests\unit\security-guards.test.ts,security-guards.test.ts,.ts,Yes,Yes,Yes,Completed (Translated)
lmshub-be\uploads\branding\default-icon.png,default-icon.png,.png,No (Media/Binary),Unknown,Unknown,Completed
lmshub-be\uploads\branding\default-logo.png,default-logo.png,.png,No (Media/Binary),Unknown,Unknown,Completed
lmshub-be\uploads\branding\icon.png,icon.png,.png,No (Media/Binary),Unknown,Unknown,Completed
lmshub-be\uploads\branding\logo.png,logo.png,.png,No (Media/Binary),Unknown,Unknown,Completed
lmshub-be\uploads\demo\avatar-amara.svg,avatar-amara.svg,.svg,No (Media/Binary),Unknown,Unknown,Completed
lmshub-be\uploads\demo\avatar-daniel.svg,avatar-daniel.svg,.svg,No (Media/Binary),Unknown,Unknown,Completed
lmshub-be\uploads\demo\avatar-kenji.svg,avatar-kenji.svg,.svg,No (Media/Binary),Unknown,Unknown,Completed
lmshub-be\uploads\demo\avatar-lead-student.svg,avatar-lead-student.svg,.svg,No (Media/Binary),Unknown,Unknown,Completed
lmshub-be\uploads\demo\avatar-rina.svg,avatar-rina.svg,.svg,No (Media/Binary),Unknown,Unknown,Completed
lmshub-be\uploads\demo\course-advanced-fire-fighting.svg,course-advanced-fire-fighting.svg,.svg,No (Media/Binary),Unknown,Unknown,Completed
lmshub-be\uploads\demo\course-aviation-fire-rescue.svg,course-aviation-fire-rescue.svg,.svg,No (Media/Binary),Unknown,Unknown,Completed
lmshub-be\uploads\demo\course-confident-public-speaking.svg,course-confident-public-speaking.svg,.svg,No (Media/Binary),Unknown,Unknown,Completed
lmshub-be\uploads\demo\course-construction-fire-safety.svg,course-construction-fire-safety.svg,.svg,No (Media/Binary),Unknown,Unknown,Completed
lmshub-be\uploads\demo\course-copywriting-that-sells.svg,course-copywriting-that-sells.svg,.svg,No (Media/Binary),Unknown,Unknown,Completed
lmshub-be\uploads\demo\course-data-science-python.svg,course-data-science-python.svg,.svg,No (Media/Binary),Unknown,Unknown,Completed
lmshub-be\uploads\demo\course-digital-marketing-practical.svg,course-digital-marketing-practical.svg,.svg,No (Media/Binary),Unknown,Unknown,Completed
lmshub-be\uploads\demo\course-excel-data-analysis.svg,course-excel-data-analysis.svg,.svg,No (Media/Binary),Unknown,Unknown,Completed
lmshub-be\uploads\demo\course-figma-for-designers.svg,course-figma-for-designers.svg,.svg,No (Media/Binary),Unknown,Unknown,Completed
lmshub-be\uploads\demo\course-fire-investigation-basics.svg,course-fire-investigation-basics.svg,.svg,No (Media/Binary),Unknown,Unknown,Completed
lmshub-be\uploads\demo\course-fire-prevention-systems.svg,course-fire-prevention-systems.svg,.svg,No (Media/Binary),Unknown,Unknown,Completed
lmshub-be\uploads\demo\course-fire-risk-assessment.svg,course-fire-risk-assessment.svg,.svg,No (Media/Binary),Unknown,Unknown,Completed
lmshub-be\uploads\demo\course-fire-safety-basics.svg,course-fire-safety-basics.svg,.svg,No (Media/Binary),Unknown,Unknown,Completed
lmshub-be\uploads\demo\course-fire-warden-training.svg,course-fire-warden-training.svg,.svg,No (Media/Binary),Unknown,Unknown,Completed
lmshub-be\uploads\demo\course-git-github-teams.svg,course-git-github-teams.svg,.svg,No (Media/Binary),Unknown,Unknown,Completed
lmshub-be\uploads\demo\course-graphic-design-canva.svg,course-graphic-design-canva.svg,.svg,No (Media/Binary),Unknown,Unknown,Completed
lmshub-be\uploads\demo\course-healthcare-fire-safety.svg,course-healthcare-fire-safety.svg,.svg,No (Media/Binary),Unknown,Unknown,Completed
lmshub-be\uploads\demo\course-high-rise-fire-safety.svg,course-high-rise-fire-safety.svg,.svg,No (Media/Binary),Unknown,Unknown,Completed
lmshub-be\uploads\demo\course-home-fire-safety.svg,course-home-fire-safety.svg,.svg,No (Media/Binary),Unknown,Unknown,Completed
lmshub-be\uploads\demo\course-industrial-fire-protection.svg,course-industrial-fire-protection.svg,.svg,No (Media/Binary),Unknown,Unknown,Completed
lmshub-be\uploads\demo\course-linux-command-line.svg,course-linux-command-line.svg,.svg,No (Media/Binary),Unknown,Unknown,Completed
lmshub-be\uploads\demo\course-machine-learning-foundations.svg,course-machine-learning-foundations.svg,.svg,No (Media/Binary),Unknown,Unknown,Completed
lmshub-be\uploads\demo\course-marine-fire-fighting.svg,course-marine-fire-fighting.svg,.svg,No (Media/Binary),Unknown,Unknown,Completed
lmshub-be\uploads\demo\course-modern-javascript.svg,course-modern-javascript.svg,.svg,No (Media/Binary),Unknown,Unknown,Completed
lmshub-be\uploads\demo\course-node-express-backend.svg,course-node-express-backend.svg,.svg,No (Media/Binary),Unknown,Unknown,Completed
lmshub-be\uploads\demo\course-productive-time-management.svg,course-productive-time-management.svg,.svg,No (Media/Binary),Unknown,Unknown,Completed
lmshub-be\uploads\demo\course-python-for-beginners.svg,course-python-for-beginners.svg,.svg,No (Media/Binary),Unknown,Unknown,Completed
lmshub-be\uploads\demo\course-react-from-scratch.svg,course-react-from-scratch.svg,.svg,No (Media/Binary),Unknown,Unknown,Completed
lmshub-be\uploads\demo\course-seo-for-business.svg,course-seo-for-business.svg,.svg,No (Media/Binary),Unknown,Unknown,Completed
lmshub-be\uploads\demo\course-sql-database-design.svg,course-sql-database-design.svg,.svg,No (Media/Binary),Unknown,Unknown,Completed
lmshub-be\uploads\demo\course-ui-ux-fundamentals.svg,course-ui-ux-fundamentals.svg,.svg,No (Media/Binary),Unknown,Unknown,Completed
lmshub-be\uploads\demo\course-vue-3-in-practice.svg,course-vue-3-in-practice.svg,.svg,No (Media/Binary),Unknown,Unknown,Completed
lmshub-be\uploads\demo\course-web-development-foundations.svg,course-web-development-foundations.svg,.svg,No (Media/Binary),Unknown,Unknown,Completed
lmshub-be\uploads\demo\course-wildfire-preparedness.svg,course-wildfire-preparedness.svg,.svg,No (Media/Binary),Unknown,Unknown,Completed
lmshub-be\uploads\demo\course-workplace-fire-hazards.svg,course-workplace-fire-hazards.svg,.svg,No (Media/Binary),Unknown,Unknown,Completed
lmshub-be\uploads\demo\fire-0.jpg,fire-0.jpg,.jpg,No (Media/Binary),Unknown,Unknown,Completed
lmshub-be\uploads\demo\fire-1.jpg,fire-1.jpg,.jpg,No (Media/Binary),Unknown,Unknown,Completed
lmshub-be\uploads\demo\fire-2.jpg,fire-2.jpg,.jpg,No (Media/Binary),Unknown,Unknown,Completed
lmshub-be\uploads\demo\fire-3.jpg,fire-3.jpg,.jpg,No (Media/Binary),Unknown,Unknown,Completed
lmshub-be\uploads\demo\fire-4.jpg,fire-4.jpg,.jpg,No (Media/Binary),Unknown,Unknown,Completed
lmshub-be\uploads\demo\flower.mp4,flower.mp4,.mp4,No (Media/Binary),Unknown,Unknown,Completed
lmshub-be\uploads\demo\friday.mp4,friday.mp4,.mp4,No (Media/Binary),Unknown,Unknown,Completed
lmshub-be\uploads\demo\hero.svg,hero.svg,.svg,No (Media/Binary),Unknown,Unknown,Completed
lmshub-be\uploads\demo\LICENSE.txt,LICENSE.txt,.txt,Yes,No,No,Completed (Verified English)
lmshub-be\uploads\media\25d58ade-2dd2-4373-ad7d-e91a92dc4d34.pdf,25d58ade-2dd2-4373-ad7d-e91a92dc4d34.pdf,.pdf,No (Media/Binary),Unknown,Unknown,Completed
lmshub-be\uploads\media\39b68973-998a-49fa-9c48-186e2f354498.mp4,39b68973-998a-49fa-9c48-186e2f354498.mp4,.mp4,No (Media/Binary),Unknown,Unknown,Completed
lmshub-be\uploads\media\80258e8e-2529-4c8c-b93c-0b2fb92c4663.png,80258e8e-2529-4c8c-b93c-0b2fb92c4663.png,.png,No (Media/Binary),Unknown,Unknown,Completed
lmshub-be\uploads\media\ac96ef3c-1f96-4aa8-8221-0f6774330c97.png,ac96ef3c-1f96-4aa8-8221-0f6774330c97.png,.png,No (Media/Binary),Unknown,Unknown,Completed
lmshub-be\uploads\media\c35b76d5-8987-47e1-afe2-7ade7bfdfb3f.jpg,c35b76d5-8987-47e1-afe2-7ade7bfdfb3f.jpg,.jpg,No (Media/Binary),Unknown,Unknown,Completed
lmshub-be\uploads\media\dadec891-38f8-4a19-ad66-6122e342a322.png,dadec891-38f8-4a19-ad66-6122e342a322.png,.png,No (Media/Binary),Unknown,Unknown,Completed
lmshub-be\uploads\media\e440116c-e7eb-4746-98ab-4eefbe970885.png,e440116c-e7eb-4746-98ab-4eefbe970885.png,.png,No (Media/Binary),Unknown,Unknown,Completed
lmshub-fe\.env.example,.env.example,.example,Yes,No,No,Completed (Verified English)
lmshub-fe\.gitignore,.gitignore,No Extension,Yes,No,No,Completed (Verified English)
lmshub-fe\eslint.config.mjs,eslint.config.mjs,.mjs,Yes,Yes,Yes,Completed (Translated)
lmshub-fe\index.html,index.html,.html,Yes,Yes,Yes,Completed (Translated)
lmshub-fe\package-lock.json,package-lock.json,.json,No (Lockfile),Unknown,Unknown,Completed
lmshub-fe\package.json,package.json,.json,Yes,No,No,Completed (Verified English)
lmshub-fe\postcss.config.js,postcss.config.js,.js,Yes,No,No,Completed (Verified English)
lmshub-fe\README.md,README.md,.md,Yes,Yes,Yes,Completed (Translated)
lmshub-fe\tailwind.config.js,tailwind.config.js,.js,Yes,Yes,Yes,Completed (Translated)
lmshub-fe\tsconfig.json,tsconfig.json,.json,Yes,No,No,Completed (Verified English)
lmshub-fe\vite.config.ts,vite.config.ts,.ts,Yes,Yes,Yes,Completed (Translated)
lmshub-fe\vite.config.ts.timestamp-1791267488174-0832c67d2326a.mjs,vite.config.ts.timestamp-1791267488174-0832c67d2326a.mjs,.mjs,Yes,Yes,Yes,Completed (Translated)
lmshub-fe\public\config.js,config.js,.js,Yes,No,No,Completed (Verified English)
lmshub-fe\public\img\certificate-bg.jpg,certificate-bg.jpg,.jpg,No (Media/Binary),Unknown,Unknown,Completed
lmshub-fe\src\App.vue,App.vue,.vue,Yes,Yes,Yes,Completed (Translated)
lmshub-fe\src\env.d.ts,env.d.ts,.ts,Yes,Yes,Yes,Completed (Translated)
lmshub-fe\src\main.ts,main.ts,.ts,Yes,Yes,Yes,Completed (Translated)
lmshub-fe\src\style.css,style.css,.css,Yes,Yes,Yes,Completed (Translated)
lmshub-fe\src\components\CertificateDocument.vue,CertificateDocument.vue,.vue,Yes,No,No,Completed (Verified English)
lmshub-fe\src\components\ui\BrandMark.vue,BrandMark.vue,.vue,Yes,No,No,Completed (Verified English)
lmshub-fe\src\components\ui\CourseCard.vue,CourseCard.vue,.vue,Yes,No,No,Completed (Verified English)
lmshub-fe\src\components\ui\CurrencySwitcher.vue,CurrencySwitcher.vue,.vue,Yes,Yes,Yes,Completed (Translated)
lmshub-fe\src\components\ui\DataTable.vue,DataTable.vue,.vue,Yes,Yes,Yes,Completed (Translated)
lmshub-fe\src\components\ui\DonutChart.vue,DonutChart.vue,.vue,Yes,Yes,Yes,Completed (Translated)
lmshub-fe\src\components\ui\Icon.vue,Icon.vue,.vue,Yes,Yes,Yes,Completed (Translated)
lmshub-fe\src\components\ui\KpiCard.vue,KpiCard.vue,.vue,Yes,No,No,Completed (Verified English)
lmshub-fe\src\components\ui\LocaleSwitcher.vue,LocaleSwitcher.vue,.vue,Yes,Yes,Yes,Completed (Translated)
lmshub-fe\src\components\ui\PageHeader.vue,PageHeader.vue,.vue,Yes,No,No,Completed (Verified English)
lmshub-fe\src\components\ui\RichTextEditor.vue,RichTextEditor.vue,.vue,Yes,Yes,Yes,Completed (Translated)
lmshub-fe\src\components\ui\SearchableSelect.vue,SearchableSelect.vue,.vue,Yes,Yes,Yes,Completed (Translated)
lmshub-fe\src\components\ui\StarRating.vue,StarRating.vue,.vue,Yes,No,No,Completed (Verified English)
lmshub-fe\src\components\ui\StatusChip.vue,StatusChip.vue,.vue,Yes,Yes,Yes,Completed (Translated)
lmshub-fe\src\components\ui\TablePagination.vue,TablePagination.vue,.vue,Yes,No,No,Completed (Verified English)
lmshub-fe\src\composables\useCheckout.ts,useCheckout.ts,.ts,Yes,Yes,Yes,Completed (Translated)
lmshub-fe\src\composables\useLocale.ts,useLocale.ts,.ts,Yes,Yes,Yes,Completed (Translated)
lmshub-fe\src\config\nav.ts,nav.ts,.ts,Yes,Yes,Yes,Completed (Translated)
lmshub-fe\src\i18n\index.ts,index.ts,.ts,Yes,Yes,Yes,Completed (Translated)
lmshub-fe\src\i18n\locales.ts,locales.ts,.ts,Yes,Yes,Yes,Completed (Translated)
lmshub-fe\src\i18n\messages\ar\assessments.json,assessments.json,.json,Yes,No,No,Completed (Verified English)
lmshub-fe\src\i18n\messages\ar\certificates.json,certificates.json,.json,Yes,No,No,Completed (Verified English)
lmshub-fe\src\i18n\messages\ar\common.json,common.json,.json,Yes,Yes,Yes,Completed (Translated)
lmshub-fe\src\i18n\messages\ar\courses.json,courses.json,.json,Yes,No,No,Completed (Verified English)
lmshub-fe\src\i18n\messages\ar\errors.json,errors.json,.json,Yes,No,No,Completed (Verified English)
lmshub-fe\src\i18n\messages\ar\learn.json,learn.json,.json,Yes,No,No,Completed (Verified English)
lmshub-fe\src\i18n\messages\ar\nav.json,nav.json,.json,Yes,No,No,Completed (Verified English)
lmshub-fe\src\i18n\messages\ar\pages.json,pages.json,.json,Yes,No,No,Completed (Verified English)
lmshub-fe\src\i18n\messages\ar\settings.json,settings.json,.json,Yes,No,No,Completed (Verified English)
lmshub-fe\src\i18n\messages\ar\users.json,users.json,.json,Yes,No,No,Completed (Verified English)
lmshub-fe\src\i18n\messages\ar\website.json,website.json,.json,Yes,No,No,Completed (Verified English)
lmshub-fe\src\i18n\messages\en\assessments.json,assessments.json,.json,Yes,No,No,Completed (Verified English)
lmshub-fe\src\i18n\messages\en\audit.json,audit.json,.json,Yes,No,No,Completed (Verified English)
lmshub-fe\src\i18n\messages\en\auth.json,auth.json,.json,Yes,No,No,Completed (Verified English)
lmshub-fe\src\i18n\messages\en\bankAccounts.json,bankAccounts.json,.json,Yes,No,No,Completed (Verified English)
lmshub-fe\src\i18n\messages\en\catalog.json,catalog.json,.json,Yes,No,No,Completed (Verified English)
lmshub-fe\src\i18n\messages\en\categories.json,categories.json,.json,Yes,No,No,Completed (Verified English)
lmshub-fe\src\i18n\messages\en\certificates.json,certificates.json,.json,Yes,No,No,Completed (Verified English)
lmshub-fe\src\i18n\messages\en\common.json,common.json,.json,Yes,Yes,Yes,Completed (Translated)
lmshub-fe\src\i18n\messages\en\content.json,content.json,.json,Yes,Yes,Yes,Completed (Translated)
lmshub-fe\src\i18n\messages\en\coupons.json,coupons.json,.json,Yes,No,No,Completed (Verified English)
lmshub-fe\src\i18n\messages\en\courses.json,courses.json,.json,Yes,No,No,Completed (Verified English)
lmshub-fe\src\i18n\messages\en\dashboard.json,dashboard.json,.json,Yes,No,No,Completed (Verified English)
lmshub-fe\src\i18n\messages\en\discussions.json,discussions.json,.json,Yes,Yes,Yes,Completed (Translated)
lmshub-fe\src\i18n\messages\en\enrollment.json,enrollment.json,.json,Yes,No,No,Completed (Verified English)
lmshub-fe\src\i18n\messages\en\errors.json,errors.json,.json,Yes,No,No,Completed (Verified English)
lmshub-fe\src\i18n\messages\en\grading.json,grading.json,.json,Yes,No,No,Completed (Verified English)
lmshub-fe\src\i18n\messages\en\learn.json,learn.json,.json,Yes,No,No,Completed (Verified English)
lmshub-fe\src\i18n\messages\en\live.json,live.json,.json,Yes,Yes,Yes,Completed (Translated)
lmshub-fe\src\i18n\messages\en\marketing.json,marketing.json,.json,Yes,No,No,Completed (Verified English)
lmshub-fe\src\i18n\messages\en\nav.json,nav.json,.json,Yes,No,No,Completed (Verified English)
lmshub-fe\src\i18n\messages\en\notifications.json,notifications.json,.json,Yes,No,No,Completed (Verified English)
lmshub-fe\src\i18n\messages\en\orders.json,orders.json,.json,Yes,Yes,Yes,Completed (Translated)
lmshub-fe\src\i18n\messages\en\pages.json,pages.json,.json,Yes,No,No,Completed (Verified English)
lmshub-fe\src\i18n\messages\en\reports.json,reports.json,.json,Yes,No,No,Completed (Verified English)
lmshub-fe\src\i18n\messages\en\settings.json,settings.json,.json,Yes,No,No,Completed (Verified English)
lmshub-fe\src\i18n\messages\en\users.json,users.json,.json,Yes,No,No,Completed (Verified English)
lmshub-fe\src\i18n\messages\en\website.json,website.json,.json,Yes,No,No,Completed (Verified English)
lmshub-fe\src\i18n\messages\hi\assessments.json,assessments.json,.json,Yes,No,No,Completed (Verified English)
lmshub-fe\src\i18n\messages\hi\certificates.json,certificates.json,.json,Yes,No,No,Completed (Verified English)
lmshub-fe\src\i18n\messages\hi\common.json,common.json,.json,Yes,Yes,Yes,Completed (Translated)
lmshub-fe\src\i18n\messages\hi\courses.json,courses.json,.json,Yes,No,No,Completed (Verified English)
lmshub-fe\src\i18n\messages\hi\errors.json,errors.json,.json,Yes,No,No,Completed (Verified English)
lmshub-fe\src\i18n\messages\hi\learn.json,learn.json,.json,Yes,No,No,Completed (Verified English)
lmshub-fe\src\i18n\messages\hi\nav.json,nav.json,.json,Yes,No,No,Completed (Verified English)
lmshub-fe\src\i18n\messages\hi\pages.json,pages.json,.json,Yes,No,No,Completed (Verified English)
lmshub-fe\src\i18n\messages\hi\settings.json,settings.json,.json,Yes,No,No,Completed (Verified English)
lmshub-fe\src\i18n\messages\hi\users.json,users.json,.json,Yes,No,No,Completed (Verified English)
lmshub-fe\src\i18n\messages\hi\website.json,website.json,.json,Yes,No,No,Completed (Verified English)
lmshub-fe\src\i18n\messages\id\assessments.json,assessments.json,.json,Yes,Yes,Yes,Completed (Translated)
lmshub-fe\src\i18n\messages\id\certificates.json,certificates.json,.json,Yes,Yes,Yes,Completed (Translated)
lmshub-fe\src\i18n\messages\id\common.json,common.json,.json,Yes,Yes,Yes,Completed (Translated)
lmshub-fe\src\i18n\messages\id\courses.json,courses.json,.json,Yes,Yes,Yes,Completed (Translated)
lmshub-fe\src\i18n\messages\id\errors.json,errors.json,.json,Yes,Yes,Yes,Completed (Translated)
lmshub-fe\src\i18n\messages\id\learn.json,learn.json,.json,Yes,Yes,Yes,Completed (Translated)
lmshub-fe\src\i18n\messages\id\nav.json,nav.json,.json,Yes,Yes,Yes,Completed (Translated)
lmshub-fe\src\i18n\messages\id\pages.json,pages.json,.json,Yes,Yes,Yes,Completed (Translated)
lmshub-fe\src\i18n\messages\id\settings.json,settings.json,.json,Yes,Yes,Yes,Completed (Translated)
lmshub-fe\src\i18n\messages\id\users.json,users.json,.json,Yes,Yes,Yes,Completed (Translated)
lmshub-fe\src\i18n\messages\id\website.json,website.json,.json,Yes,Yes,Yes,Completed (Translated)
lmshub-fe\src\layouts\DashboardLayout.vue,DashboardLayout.vue,.vue,Yes,Yes,Yes,Completed (Translated)
lmshub-fe\src\layouts\PublicLayout.vue,PublicLayout.vue,.vue,Yes,Yes,Yes,Completed (Translated)
lmshub-fe\src\lib\api.ts,api.ts,.ts,Yes,Yes,Yes,Completed (Translated)
lmshub-fe\src\lib\can.ts,can.ts,.ts,Yes,No,No,Completed (Verified English)
lmshub-fe\src\lib\chart-palette.ts,chart-palette.ts,.ts,Yes,Yes,Yes,Completed (Translated)
lmshub-fe\src\lib\currencies.ts,currencies.ts,.ts,Yes,Yes,Yes,Completed (Translated)
lmshub-fe\src\lib\format.ts,format.ts,.ts,Yes,Yes,Yes,Completed (Translated)
lmshub-fe\src\lib\google-signin.ts,google-signin.ts,.ts,Yes,Yes,Yes,Completed (Translated)
lmshub-fe\src\lib\labels.ts,labels.ts,.ts,Yes,Yes,Yes,Completed (Translated)
lmshub-fe\src\lib\payments.ts,payments.ts,.ts,Yes,Yes,Yes,Completed (Translated)
lmshub-fe\src\lib\sanitize.ts,sanitize.ts,.ts,Yes,Yes,Yes,Completed (Translated)
lmshub-fe\src\lib\site-content.ts,site-content.ts,.ts,Yes,Yes,Yes,Completed (Translated)
lmshub-fe\src\modules\assessments\assessments.routes.ts,assessments.routes.ts,.ts,Yes,Yes,Yes,Completed (Translated)
lmshub-fe\src\modules\assessments\useCourseOptions.ts,useCourseOptions.ts,.ts,Yes,Yes,Yes,Completed (Translated)
lmshub-fe\src\modules\assessments\views\AssessmentListView.vue,AssessmentListView.vue,.vue,Yes,Yes,Yes,Completed (Translated)
lmshub-fe\src\modules\assessments\views\QuestionBankView.vue,QuestionBankView.vue,.vue,Yes,Yes,Yes,Completed (Translated)
lmshub-fe\src\modules\assessments\views\QuizAttemptView.vue,QuizAttemptView.vue,.vue,Yes,Yes,Yes,Completed (Translated)
lmshub-fe\src\modules\assessments\views\QuizBuilderView.vue,QuizBuilderView.vue,.vue,Yes,Yes,Yes,Completed (Translated)
lmshub-fe\src\modules\audit\audit.routes.ts,audit.routes.ts,.ts,Yes,No,No,Completed (Verified English)
lmshub-fe\src\modules\audit\views\AuditLogView.vue,AuditLogView.vue,.vue,Yes,Yes,Yes,Completed (Translated)
lmshub-fe\src\modules\auth\components\AuthShell.vue,AuthShell.vue,.vue,Yes,No,No,Completed (Verified English)
lmshub-fe\src\modules\auth\views\LoginView.vue,LoginView.vue,.vue,Yes,Yes,Yes,Completed (Translated)
lmshub-fe\src\modules\auth\views\RegisterView.vue,RegisterView.vue,.vue,Yes,Yes,Yes,Completed (Translated)
lmshub-fe\src\modules\auth\views\VerifyEmailView.vue,VerifyEmailView.vue,.vue,Yes,No,No,Completed (Verified English)
lmshub-fe\src\modules\catalog\components\CourseReviews.vue,CourseReviews.vue,.vue,Yes,Yes,Yes,Completed (Translated)
lmshub-fe\src\modules\catalog\views\CatalogView.vue,CatalogView.vue,.vue,Yes,Yes,Yes,Completed (Translated)
lmshub-fe\src\modules\catalog\views\CourseDetailView.vue,CourseDetailView.vue,.vue,Yes,Yes,Yes,Completed (Translated)
lmshub-fe\src\modules\catalog\views\InstructorDetailView.vue,InstructorDetailView.vue,.vue,Yes,Yes,Yes,Completed (Translated)
lmshub-fe\src\modules\catalog\views\InstructorListView.vue,InstructorListView.vue,.vue,Yes,No,No,Completed (Verified English)
lmshub-fe\src\modules\catalog\views\LandingView.vue,LandingView.vue,.vue,Yes,Yes,Yes,Completed (Translated)
lmshub-fe\src\modules\catalog\views\PublicCertificateView.vue,PublicCertificateView.vue,.vue,Yes,No,No,Completed (Verified English)
lmshub-fe\src\modules\catalog\views\StaticPageView.vue,StaticPageView.vue,.vue,Yes,Yes,Yes,Completed (Translated)
lmshub-fe\src\modules\categories\categories.routes.ts,categories.routes.ts,.ts,Yes,No,No,Completed (Verified English)
lmshub-fe\src\modules\categories\views\CategoriesView.vue,CategoriesView.vue,.vue,Yes,Yes,Yes,Completed (Translated)
lmshub-fe\src\modules\certificates\certificates.routes.ts,certificates.routes.ts,.ts,Yes,No,No,Completed (Verified English)
lmshub-fe\src\modules\certificates\views\BadgesView.vue,BadgesView.vue,.vue,Yes,Yes,Yes,Completed (Translated)
lmshub-fe\src\modules\certificates\views\CertificateViewerView.vue,CertificateViewerView.vue,.vue,Yes,No,No,Completed (Verified English)
lmshub-fe\src\modules\certificates\views\MyCertificatesView.vue,MyCertificatesView.vue,.vue,Yes,Yes,Yes,Completed (Translated)
lmshub-fe\src\modules\certificates\views\TemplateEditorView.vue,TemplateEditorView.vue,.vue,Yes,Yes,Yes,Completed (Translated)
lmshub-fe\src\modules\content\content.routes.ts,content.routes.ts,.ts,Yes,No,No,Completed (Verified English)
lmshub-fe\src\modules\content\components\MediaUploadButton.vue,MediaUploadButton.vue,.vue,Yes,No,No,Completed (Verified English)
lmshub-fe\src\modules\content\views\CurriculumBuilderView.vue,CurriculumBuilderView.vue,.vue,Yes,Yes,Yes,Completed (Translated)
lmshub-fe\src\modules\content\views\MediaLibraryView.vue,MediaLibraryView.vue,.vue,Yes,No,No,Completed (Verified English)
lmshub-fe\src\modules\courses\courses.routes.ts,courses.routes.ts,.ts,Yes,No,No,Completed (Verified English)
lmshub-fe\src\modules\courses\views\CourseEditorView.vue,CourseEditorView.vue,.vue,Yes,Yes,Yes,Completed (Translated)
lmshub-fe\src\modules\courses\views\CoursesListView.vue,CoursesListView.vue,.vue,Yes,Yes,Yes,Completed (Translated)
lmshub-fe\src\modules\dashboard\components\DashboardInstructor.vue,DashboardInstructor.vue,.vue,Yes,No,No,Completed (Verified English)
lmshub-fe\src\modules\dashboard\components\DashboardOps.vue,DashboardOps.vue,.vue,Yes,Yes,Yes,Completed (Translated)
lmshub-fe\src\modules\dashboard\components\DashboardStudent.vue,DashboardStudent.vue,.vue,Yes,Yes,Yes,Completed (Translated)
lmshub-fe\src\modules\dashboard\views\DashboardHome.vue,DashboardHome.vue,.vue,Yes,No,No,Completed (Verified English)
lmshub-fe\src\modules\discussions\discussions.routes.ts,discussions.routes.ts,.ts,Yes,No,No,Completed (Verified English)
lmshub-fe\src\modules\discussions\views\DiscussionView.vue,DiscussionView.vue,.vue,Yes,Yes,Yes,Completed (Translated)
lmshub-fe\src\modules\discussions\views\ModerationView.vue,ModerationView.vue,.vue,Yes,Yes,Yes,Completed (Translated)
lmshub-fe\src\modules\enrollment\enrollment.routes.ts,enrollment.routes.ts,.ts,Yes,Yes,Yes,Completed (Translated)
lmshub-fe\src\modules\enrollment\views\EnrollmentListView.vue,EnrollmentListView.vue,.vue,Yes,No,No,Completed (Verified English)
lmshub-fe\src\modules\grading\grading.routes.ts,grading.routes.ts,.ts,Yes,No,No,Completed (Verified English)
lmshub-fe\src\modules\grading\views\GradebookView.vue,GradebookView.vue,.vue,Yes,Yes,Yes,Completed (Translated)
lmshub-fe\src\modules\grading\views\GradingQueueView.vue,GradingQueueView.vue,.vue,Yes,Yes,Yes,Completed (Translated)
lmshub-fe\src\modules\learn\learn.routes.ts,learn.routes.ts,.ts,Yes,No,No,Completed (Verified English)
lmshub-fe\src\modules\learn\components\CourseAssessmentsTab.vue,CourseAssessmentsTab.vue,.vue,Yes,No,No,Completed (Verified English)
lmshub-fe\src\modules\learn\views\CoursePlayerView.vue,CoursePlayerView.vue,.vue,Yes,Yes,Yes,Completed (Translated)
lmshub-fe\src\modules\learn\views\MyCoursesView.vue,MyCoursesView.vue,.vue,Yes,Yes,Yes,Completed (Translated)
lmshub-fe\src\modules\live\live.routes.ts,live.routes.ts,.ts,Yes,No,No,Completed (Verified English)
lmshub-fe\src\modules\live\views\AttendanceView.vue,AttendanceView.vue,.vue,Yes,No,No,Completed (Verified English)
lmshub-fe\src\modules\live\views\CalendarView.vue,CalendarView.vue,.vue,Yes,Yes,Yes,Completed (Translated)
lmshub-fe\src\modules\live\views\LiveClassView.vue,LiveClassView.vue,.vue,Yes,Yes,Yes,Completed (Translated)
lmshub-fe\src\modules\marketing\marketing.routes.ts,marketing.routes.ts,.ts,Yes,No,No,Completed (Verified English)
lmshub-fe\src\modules\marketing\views\CouponsView.vue,CouponsView.vue,.vue,Yes,Yes,Yes,Completed (Translated)
lmshub-fe\src\modules\marketing\views\MarketingDashboardView.vue,MarketingDashboardView.vue,.vue,Yes,Yes,Yes,Completed (Translated)
lmshub-fe\src\modules\notifications\notifications.routes.ts,notifications.routes.ts,.ts,Yes,No,No,Completed (Verified English)
lmshub-fe\src\modules\notifications\views\NotificationCenterView.vue,NotificationCenterView.vue,.vue,Yes,Yes,Yes,Completed (Translated)
lmshub-fe\src\modules\notifications\views\PreferencesView.vue,PreferencesView.vue,.vue,Yes,Yes,Yes,Completed (Translated)
lmshub-fe\src\modules\notifications\views\ReminderMonitorView.vue,ReminderMonitorView.vue,.vue,Yes,Yes,Yes,Completed (Translated)
lmshub-fe\src\modules\orders\orders.routes.ts,orders.routes.ts,.ts,Yes,No,No,Completed (Verified English)
lmshub-fe\src\modules\orders\views\PaymentResultView.vue,PaymentResultView.vue,.vue,Yes,Yes,Yes,Completed (Translated)
lmshub-fe\src\modules\orders\views\TandaJadiFormView.vue,TandaJadiFormView.vue,.vue,Yes,No,No,Completed (Verified English)
lmshub-fe\src\modules\orders\views\TransactionListView.vue,TransactionListView.vue,.vue,Yes,Yes,Yes,Completed (Translated)
lmshub-fe\src\modules\reports\reports.routes.ts,reports.routes.ts,.ts,Yes,No,No,Completed (Verified English)
lmshub-fe\src\modules\reports\views\PayoutView.vue,PayoutView.vue,.vue,Yes,Yes,Yes,Completed (Translated)
lmshub-fe\src\modules\reports\views\ReportView.vue,ReportView.vue,.vue,Yes,Yes,Yes,Completed (Translated)
lmshub-fe\src\modules\settings\settings-schema.ts,settings-schema.ts,.ts,Yes,Yes,Yes,Completed (Translated)
lmshub-fe\src\modules\settings\settings.routes.ts,settings.routes.ts,.ts,Yes,Yes,Yes,Completed (Translated)
lmshub-fe\src\modules\settings\components\BrandIdentityCard.vue,BrandIdentityCard.vue,.vue,Yes,Yes,Yes,Completed (Translated)
lmshub-fe\src\modules\settings\components\PaymentGatewayInfo.vue,PaymentGatewayInfo.vue,.vue,Yes,Yes,Yes,Completed (Translated)
lmshub-fe\src\modules\settings\views\BankAccountsView.vue,BankAccountsView.vue,.vue,Yes,Yes,Yes,Completed (Translated)
lmshub-fe\src\modules\settings\views\CurrenciesView.vue,CurrenciesView.vue,.vue,Yes,Yes,Yes,Completed (Translated)
lmshub-fe\src\modules\settings\views\SettingsView.vue,SettingsView.vue,.vue,Yes,Yes,Yes,Completed (Translated)
lmshub-fe\src\modules\users\users.routes.ts,users.routes.ts,.ts,Yes,Yes,Yes,Completed (Translated)
lmshub-fe\src\modules\users\views\ProfileView.vue,ProfileView.vue,.vue,Yes,Yes,Yes,Completed (Translated)
lmshub-fe\src\modules\users\views\UserFormView.vue,UserFormView.vue,.vue,Yes,No,No,Completed (Verified English)
lmshub-fe\src\modules\users\views\UsersListView.vue,UsersListView.vue,.vue,Yes,Yes,Yes,Completed (Translated)
lmshub-fe\src\modules\website\website.routes.ts,website.routes.ts,.ts,Yes,Yes,Yes,Completed (Translated)
lmshub-fe\src\modules\website\components\LocalizedField.vue,LocalizedField.vue,.vue,Yes,No,No,Completed (Verified English)
lmshub-fe\src\modules\website\views\PagesView.vue,PagesView.vue,.vue,Yes,Yes,Yes,Completed (Translated)
lmshub-fe\src\modules\website\views\WebsiteView.vue,WebsiteView.vue,.vue,Yes,Yes,Yes,Completed (Translated)
lmshub-fe\src\router\index.ts,index.ts,.ts,Yes,Yes,Yes,Completed (Translated)
lmshub-fe\src\router\legacyPaths.ts,legacyPaths.ts,.ts,Yes,Yes,Yes,Completed (Translated)
lmshub-fe\src\router\modules.ts,modules.ts,.ts,Yes,No,No,Completed (Verified English)
lmshub-fe\src\stores\appConfig.ts,appConfig.ts,.ts,Yes,Yes,Yes,Completed (Translated)
lmshub-fe\src\stores\auth.ts,auth.ts,.ts,Yes,No,No,Completed (Verified English)
lmshub-fe\src\stores\currency.ts,currency.ts,.ts,Yes,No,No,Completed (Verified English)
lmshub-fe\src\stores\siteContent.ts,siteContent.ts,.ts,Yes,Yes,Yes,Completed (Translated)
lmshub-fe\src\views\NotFound.vue,NotFound.vue,.vue,Yes,No,No,Completed (Verified English)
